SampleID	exclude	interferent	spike_amount	spike_unit	cancer_group_expected	cancer_is_expected	cancer_is_detected	cancer_detection_is_correct	cancer_type_predicted	tm_extraction_quant_concentration	analysis_on_binary_target_coverage_stats_mean	analysis_abnormal_coverage_cpg_mean
NC	TRUE	Hemoglobin	2000	mg/dL	non_cancer	FALSE	FALSE	TRUE	non_cancer	0.96	7.929	0.01008499
C	FALSE	Hemoglobin	100	mg/dL	cancer	TRUE	TRUE	TRUE	upper_gi	1.14	89.1867	0.3704478
C	FALSE	Bilirubin	0	mg/dL	cancer	TRUE	TRUE	TRUE	upper_gi	1.029	204.3501	0.9838299
C	FALSE	gDNA	200	%	cancer	TRUE	TRUE	TRUE	upper_gi	1.197	245.8431	1.101413
NC	FALSE	Triglycerides	500	mg/dL	non_cancer	FALSE	FALSE	TRUE	non_cancer	1.043	178.963	0.1965098
C	FALSE	Bilirubin	10	mg/dL	cancer	TRUE	TRUE	TRUE	upper_gi	1.145	145.104	0.7630596
NC	FALSE	Triglycerides	400	mg/dL	non_cancer	FALSE	FALSE	TRUE	non_cancer	1.06	94.1655	0.08584189
C	FALSE	Bilirubin	10	mg/dL	cancer	TRUE	TRUE	TRUE	upper_gi	1.1	166.2824	0.8053195
C	FALSE	gDNA	50	%	cancer	TRUE	TRUE	TRUE	upper_gi	0.922	217.0084	0.9471363
C	FALSE	Triglycerides	0	mg/dL	cancer	TRUE	TRUE	TRUE	upper_gi	0.952	186.8002	1.264957
C	TRUE	Bilirubin	0	mg/dL	cancer	TRUE	TRUE	TRUE	indeterminate_localization	1.102	11.0074	0.07840048
NC	FALSE	gDNA	50	%	non_cancer	FALSE	FALSE	TRUE	non_cancer	1.152	187.9406	0.2142913
NC	FALSE	Hemoglobin	100	mg/dL	non_cancer	FALSE	FALSE	TRUE	non_cancer	1.075	117.8705	0.1142497
C	FALSE	Triglycerides	100	mg/dL	cancer	TRUE	TRUE	TRUE	upper_gi	1.016	145.2982	0.9238601
C	FALSE	Bilirubin	15	mg/dL	cancer	TRUE	TRUE	TRUE	upper_gi	1.15	55.7635	0.2417186
C	FALSE	Triglycerides	200	mg/dL	cancer	TRUE	TRUE	TRUE	upper_gi	1.058	146.7081	0.8691975
C	FALSE	Hemoglobin	500	mg/dL	cancer	TRUE	TRUE	TRUE	upper_gi	1.009	168.3354	0.849138
C	FALSE	gDNA	150	%	cancer	TRUE	TRUE	TRUE	upper_gi	1.257	215.8516	0.9032172
NC	FALSE	Triglycerides	200	mg/dL	non_cancer	FALSE	FALSE	TRUE	non_cancer	1.249	112.4391	0.1078716
NC	FALSE	Hemoglobin	2000	mg/dL	non_cancer	FALSE	FALSE	TRUE	non_cancer	1.031	180.9896	0.1897942
NC	FALSE	gDNA	0	%	non_cancer	FALSE	FALSE	TRUE	non_cancer	1.016	185.3168	0.1899422
C	TRUE	Bilirubin	20	mg/dL	cancer	TRUE	FALSE	FALSE	non_cancer	1.131	5.8217	0.03466257
C	FALSE	Triglycerides	400	mg/dL	cancer	TRUE	TRUE	TRUE	upper_gi	1.024	179.0215	1.216942
C	FALSE	gDNA	200	%	cancer	TRUE	TRUE	TRUE	upper_gi	1.157	148.6347	0.6895651
C	FALSE	gDNA	200	%	cancer	TRUE	TRUE	TRUE	upper_gi	1.222	194.5106	0.9306646
NC	TRUE	gDNA	50	%	non_cancer	FALSE	FALSE	TRUE	non_cancer	1.088	59.3741	0.0714469
C	FALSE	Hemoglobin	0	mg/dL	cancer	TRUE	TRUE	TRUE	upper_gi	1.033	158.0712	0.7947318
NC	FALSE	gDNA	150	%	non_cancer	FALSE	FALSE	TRUE	non_cancer	1.362	192.4155	0.1891221
C	FALSE	Triglycerides	200	mg/dL	cancer	TRUE	TRUE	TRUE	upper_gi	1.097	120.2251	0.7792942
NC	FALSE	Bilirubin	0	mg/dL	non_cancer	FALSE	FALSE	TRUE	non_cancer	1.162	83.314	0.08686057
NC	TRUE	Bilirubin	15	mg/dL	non_cancer	FALSE	FALSE	TRUE	non_cancer	1.223	15.2453	0.01895987
C	FALSE	gDNA	50	%	cancer	TRUE	TRUE	TRUE	upper_gi	1.066	149.814	0.8229194
NC	TRUE	Triglycerides	500	mg/dL	non_cancer	FALSE	FALSE	TRUE	non_cancer	1.173	7.0073	0.01272266
C	FALSE	Hemoglobin	2000	mg/dL	cancer	TRUE	TRUE	TRUE	upper_gi	0.909	223.1157	0.9964809
NC	FALSE	Hemoglobin	500	mg/dL	non_cancer	FALSE	FALSE	TRUE	non_cancer	1.184	193.4819	0.1881905
NC	FALSE	Hemoglobin	0	mg/dL	non_cancer	FALSE	FALSE	TRUE	non_cancer	1.184	143.5823	0.1594272
NC	FALSE	gDNA	150	%	non_cancer	FALSE	FALSE	TRUE	non_cancer	1.277	237.5457	0.2338101
C	FALSE	gDNA	150	%	cancer	TRUE	TRUE	TRUE	upper_gi	1.307	215.5363	1.034671
C	FALSE	Hemoglobin	100	mg/dL	cancer	TRUE	TRUE	TRUE	upper_gi	1.016	200.9679	0.9471783
NC	TRUE	Hemoglobin	500	mg/dL	non_cancer	FALSE	FALSE	TRUE	non_cancer	0.967	17.4998	0.02064496
NC	FALSE	Hemoglobin	2000	mg/dL	non_cancer	FALSE	FALSE	TRUE	non_cancer	1.061	170.3304	0.1922017
C	FALSE	gDNA	150	%	cancer	TRUE	TRUE	TRUE	upper_gi	1.314	201.9952	1.092249
C	FALSE	Bilirubin	0	mg/dL	cancer	TRUE	TRUE	TRUE	upper_gi	0.963	193.973	1.05236
C	TRUE	Hemoglobin	100	mg/dL	cancer	TRUE	TRUE	TRUE	upper_gi	1.166	87.6862	0.5711073
C	TRUE	gDNA	200	%	cancer	TRUE	FALSE	FALSE	non_cancer	1.259	9.161	0.03856444
NC	FALSE	Triglycerides	0	mg/dL	non_cancer	FALSE	FALSE	TRUE	non_cancer	0.921	181.9322	0.1958131
NC	FALSE	Bilirubin	5	mg/dL	non_cancer	FALSE	FALSE	TRUE	non_cancer	2.028	198.2831	0.2216412
C	FALSE	Bilirubin	0	mg/dL	cancer	TRUE	TRUE	TRUE	upper_gi	1.016	199.8266	0.9675437
NC	FALSE	gDNA	200	%	non_cancer	FALSE	FALSE	TRUE	non_cancer	1.206	180.1553	0.1838395
NC	TRUE	Bilirubin	20	mg/dL	non_cancer	FALSE	FALSE	TRUE	non_cancer	1.06	8.8227	0.01055035
C	FALSE	Triglycerides	0	mg/dL	cancer	TRUE	TRUE	TRUE	upper_gi	1.046	74.6574	0.4366419
NC	FALSE	Hemoglobin	500	mg/dL	non_cancer	FALSE	FALSE	TRUE	non_cancer	1.003	169.826	0.1709582
NC	FALSE	gDNA	0	%	non_cancer	FALSE	FALSE	TRUE	non_cancer	1.073	191.59	0.2018738
NC	FALSE	Bilirubin	20	mg/dL	non_cancer	FALSE	FALSE	TRUE	non_cancer	1.198	82.6573	0.08320118
NC	FALSE	Bilirubin	0	mg/dL	non_cancer	FALSE	FALSE	TRUE	non_cancer	1.026	157.4462	0.1927996
C	FALSE	Bilirubin	20	mg/dL	cancer	TRUE	TRUE	TRUE	upper_gi	1.023	149.188	0.7867585
NC	FALSE	Bilirubin	15	mg/dL	non_cancer	FALSE	FALSE	TRUE	non_cancer	1.278	93.0155	0.09310093
NC	FALSE	Bilirubin	20	mg/dL	non_cancer	FALSE	FALSE	TRUE	non_cancer	1.685	185.7325	0.2126558
C	TRUE	gDNA	50	%	cancer	TRUE	TRUE	TRUE	upper_gi	1.266	96.7433	0.5985167
NC	FALSE	Triglycerides	100	mg/dL	non_cancer	FALSE	FALSE	TRUE	non_cancer	1.058	106.2685	0.1007387
C	FALSE	Triglycerides	500	mg/dL	cancer	TRUE	TRUE	TRUE	upper_gi	1.06	91.1409	0.5255868
NC	FALSE	Hemoglobin	0	mg/dL	non_cancer	FALSE	FALSE	TRUE	non_cancer	1.103	208.9902	0.2075706
NC	FALSE	Bilirubin	15	mg/dL	non_cancer	FALSE	FALSE	TRUE	non_cancer	1.244	198.2364	0.2288347
NC	FALSE	Hemoglobin	0	mg/dL	non_cancer	FALSE	FALSE	TRUE	non_cancer	1.32	174.1746	0.1737136
NC	TRUE	gDNA	0	%	non_cancer	FALSE	FALSE	TRUE	non_cancer	1.06	22.7078	0.02721092
C	FALSE	Hemoglobin	0	mg/dL	cancer	TRUE	TRUE	TRUE	upper_gi	1.104	174.5442	0.8240993
C	TRUE	Triglycerides	400	mg/dL	cancer	TRUE	TRUE	TRUE	pancreas_gallbladder	1.024	4.4446	0.05594359
C	FALSE	Hemoglobin	500	mg/dL	cancer	TRUE	TRUE	TRUE	upper_gi	1.086	189.1781	0.9186438
NC	FALSE	Bilirubin	20	mg/dL	non_cancer	FALSE	FALSE	TRUE	non_cancer	1.103	245.299	0.2525555
C	FALSE	Bilirubin	10	mg/dL	cancer	TRUE	TRUE	TRUE	upper_gi	1.009	215.9969	1.046394
C	FALSE	Bilirubin	5	mg/dL	cancer	TRUE	TRUE	TRUE	upper_gi	1.166	173.5682	0.8834442
NC	FALSE	gDNA	200	%	non_cancer	FALSE	FALSE	TRUE	non_cancer	1.214	198.6406	0.202734
C	FALSE	Hemoglobin	0	mg/dL	cancer	TRUE	TRUE	TRUE	upper_gi	1.23	230.7974	1.066916
NC	FALSE	Bilirubin	0	mg/dL	non_cancer	FALSE	FALSE	TRUE	non_cancer	0.902	129.5062	0.1189766
NC	FALSE	Hemoglobin	2000	mg/dL	non_cancer	FALSE	FALSE	TRUE	non_cancer	0.902	208.7571	0.2240108
C	TRUE	gDNA	0	%	cancer	TRUE	TRUE	TRUE	upper_gi	1.06	38.9678	0.3004993
C	FALSE	Triglycerides	100	mg/dL	cancer	TRUE	TRUE	TRUE	upper_gi	1.022	167.9706	1.16767
NC	FALSE	Bilirubin	10	mg/dL	non_cancer	FALSE	FALSE	TRUE	non_cancer	1.171	147.8896	0.1420913
NC	FALSE	Triglycerides	100	mg/dL	non_cancer	FALSE	FALSE	TRUE	non_cancer	1.117	147.5854	0.1815729
NC	TRUE	Bilirubin	0	mg/dL	non_cancer	FALSE	FALSE	TRUE	non_cancer	1.017	19.805	0.02098957
C	FALSE	gDNA	50	%	cancer	TRUE	TRUE	TRUE	upper_gi	1.191	193.9158	1.003311
NC	FALSE	Triglycerides	100	mg/dL	non_cancer	FALSE	FALSE	TRUE	non_cancer	1.07	188.5374	0.1870063
NC	FALSE	Triglycerides	400	mg/dL	non_cancer	FALSE	FALSE	TRUE	non_cancer	1.075	176.1276	0.1937167
C	FALSE	gDNA	150	%	cancer	TRUE	TRUE	TRUE	upper_gi	0.995	171.076	0.8364567
C	FALSE	Triglycerides	0	mg/dL	cancer	TRUE	TRUE	TRUE	upper_gi	0.963	157.4979	1.223026
NC	FALSE	Hemoglobin	0	mg/dL	non_cancer	FALSE	FALSE	TRUE	non_cancer	1.045	184.0737	0.19394
NC	FALSE	Triglycerides	500	mg/dL	non_cancer	FALSE	FALSE	TRUE	non_cancer	0.983	182.8351	0.1920975
NC	FALSE	Bilirubin	5	mg/dL	non_cancer	FALSE	FALSE	TRUE	non_cancer	1.121	83.7686	0.08586585
NC	FALSE	Hemoglobin	100	mg/dL	non_cancer	FALSE	FALSE	TRUE	non_cancer	1.137	165.7354	0.170536
C	FALSE	Hemoglobin	100	mg/dL	cancer	TRUE	TRUE	TRUE	upper_gi	1.244	221.426	1.204572
C	TRUE	Hemoglobin	500	mg/dL	cancer	TRUE	TRUE	TRUE	indeterminate_localization	1.06	18.344	0.107175
C	FALSE	gDNA	100	%	cancer	TRUE	TRUE	TRUE	upper_gi	1.271	135.9007	0.5940877
NC	FALSE	Hemoglobin	500	mg/dL	non_cancer	FALSE	FALSE	TRUE	non_cancer	1.237	178.5134	0.1962984
C	TRUE	Bilirubin	10	mg/dL	cancer	TRUE	TRUE	TRUE	indeterminate_localization	1.152	10.3287	0.06482695
C	FALSE	Bilirubin	15	mg/dL	cancer	TRUE	TRUE	TRUE	upper_gi	1.023	169.3839	0.8665485
C	FALSE	gDNA	0	%	cancer	TRUE	TRUE	TRUE	upper_gi	1.052	196.5885	1.05954
C	FALSE	Triglycerides	0	mg/dL	cancer	TRUE	TRUE	TRUE	upper_gi	1.029	88.1825	0.5519041
C	TRUE	Triglycerides	200	mg/dL	cancer	TRUE	TRUE	TRUE	lung	0.96	6.3421	0.06992444
NC	FALSE	gDNA	50	%	non_cancer	FALSE	FALSE	TRUE	non_cancer	1.06	168.2483	0.1695277
NC	FALSE	gDNA	0	%	non_cancer	FALSE	FALSE	TRUE	non_cancer	1.061	197.8712	0.2271777
NC	TRUE	Hemoglobin	100	mg/dL	non_cancer	FALSE	FALSE	TRUE	non_cancer	1.351	26.9949	0.03738348
C	TRUE	Triglycerides	100	mg/dL	cancer	TRUE	TRUE	TRUE	upper_gi	0.989	17.6565	0.1908002
C	FALSE	Bilirubin	15	mg/dL	cancer	TRUE	TRUE	TRUE	upper_gi	1.22	197.1834	1.00453
NC	FALSE	Bilirubin	0	mg/dL	non_cancer	FALSE	FALSE	TRUE	non_cancer	1.059	167.4085	0.1810598
NC	FALSE	Hemoglobin	1000	mg/dL	non_cancer	FALSE	FALSE	TRUE	non_cancer	1.321	204.53	0.2254458
NC	FALSE	Triglycerides	400	mg/dL	non_cancer	FALSE	FALSE	TRUE	non_cancer	0.902	226.8695	0.2240824
NC	FALSE	Bilirubin	10	mg/dL	non_cancer	FALSE	FALSE	TRUE	non_cancer	1.083	204.2481	0.2181262
C	FALSE	Triglycerides	100	mg/dL	cancer	TRUE	TRUE	TRUE	upper_gi	1.068	152.2948	1.019456
NC	TRUE	Bilirubin	5	mg/dL	non_cancer	FALSE	FALSE	TRUE	non_cancer	1.01	11.6591	0.02033969
NC	FALSE	gDNA	0	%	non_cancer	FALSE	FALSE	TRUE	non_cancer	1.206	189.9324	0.1947939
NC	FALSE	Hemoglobin	1000	mg/dL	non_cancer	FALSE	FALSE	TRUE	non_cancer	1.083	235.2833	0.2362533
C	FALSE	Hemoglobin	1000	mg/dL	cancer	TRUE	TRUE	TRUE	upper_gi	0.988	177.615	0.8639262
C	FALSE	Bilirubin	10	mg/dL	cancer	TRUE	TRUE	TRUE	upper_gi	1.155	86.5393	0.3902048
C	FALSE	gDNA	50	%	cancer	TRUE	TRUE	TRUE	upper_gi	1.145	205.1972	1.060858
C	FALSE	gDNA	100	%	cancer	TRUE	TRUE	TRUE	upper_gi	1.163	213.8467	0.9818839
C	FALSE	Bilirubin	0	mg/dL	cancer	TRUE	TRUE	TRUE	upper_gi	1.157	80.3034	0.3627682
NC	FALSE	Hemoglobin	100	mg/dL	non_cancer	FALSE	FALSE	TRUE	non_cancer	1.423	211.0544	0.2277058
C	FALSE	gDNA	200	%	cancer	TRUE	TRUE	TRUE	upper_gi	1.358	197.4212	0.9713163
NC	FALSE	Hemoglobin	500	mg/dL	non_cancer	FALSE	FALSE	TRUE	non_cancer	1.136	209.5182	0.2149072
NC	FALSE	gDNA	150	%	non_cancer	FALSE	FALSE	TRUE	non_cancer	1.228	180.3623	0.1858833
C	FALSE	gDNA	50	%	cancer	TRUE	TRUE	TRUE	upper_gi	1.221	204.6467	0.9422143
NC	FALSE	Triglycerides	200	mg/dL	non_cancer	FALSE	FALSE	TRUE	non_cancer	1.131	206.516	0.2625851
C	FALSE	Triglycerides	200	mg/dL	cancer	TRUE	TRUE	TRUE	upper_gi	1.019	198.0508	1.55297
NC	FALSE	Triglycerides	500	mg/dL	non_cancer	FALSE	FALSE	TRUE	non_cancer	1.082	184.7073	0.1799612
NC	FALSE	Hemoglobin	1000	mg/dL	non_cancer	FALSE	FALSE	TRUE	non_cancer	1.143	227.2557	0.2083015
NC	FALSE	gDNA	100	%	non_cancer	FALSE	FALSE	TRUE	non_cancer	1.547	226.5655	0.2132456
C	FALSE	Triglycerides	500	mg/dL	cancer	TRUE	TRUE	TRUE	upper_gi	0.875	199.4494	1.296856
NC	FALSE	gDNA	100	%	non_cancer	FALSE	FALSE	TRUE	non_cancer	1.468	194.5961	0.2273919
NC	FALSE	Triglycerides	200	mg/dL	non_cancer	FALSE	FALSE	TRUE	non_cancer	0.994	107.4989	0.1012995
NC	FALSE	gDNA	150	%	non_cancer	FALSE	FALSE	TRUE	non_cancer	1.377	225.3243	0.2454115
C	FALSE	gDNA	0	%	cancer	TRUE	TRUE	TRUE	upper_gi	1.11	232.5405	1.094478
NC	TRUE	gDNA	200	%	non_cancer	FALSE	FALSE	TRUE	non_cancer	1.188	8.6692	0.01868931
NC	FALSE	Triglycerides	100	mg/dL	non_cancer	FALSE	FALSE	TRUE	non_cancer	1.095	151.8157	0.1550356
NC	TRUE	Triglycerides	200	mg/dL	non_cancer	FALSE	FALSE	TRUE	non_cancer	0.989	8.9797	0.01248199
NC	FALSE	gDNA	200	%	non_cancer	FALSE	FALSE	TRUE	non_cancer	1.095	159.0733	0.1750775
C	FALSE	gDNA	0	%	cancer	TRUE	TRUE	TRUE	upper_gi	1.178	216.4534	1.117099
NC	TRUE	Hemoglobin	0	mg/dL	non_cancer	FALSE	FALSE	TRUE	non_cancer	1.117	26.4889	0.02876309
C	FALSE	Hemoglobin	0	mg/dL	cancer	TRUE	TRUE	TRUE	upper_gi	1.284	191.4716	0.8821208
NC	FALSE	Triglycerides	400	mg/dL	non_cancer	FALSE	FALSE	TRUE	non_cancer	1.008	149.0596	0.1550102
C	TRUE	Bilirubin	5	mg/dL	cancer	TRUE	TRUE	TRUE	upper_gi	1.017	27.4115	0.2026789
NC	FALSE	gDNA	50	%	non_cancer	FALSE	FALSE	TRUE	non_cancer	1.109	200.4766	0.2018053
NC	FALSE	gDNA	150	%	non_cancer	FALSE	FALSE	TRUE	non_cancer	1.209	157.3568	0.185685
NC	FALSE	Triglycerides	400	mg/dL	non_cancer	FALSE	FALSE	TRUE	non_cancer	0.959	183.3505	0.1983587
C	FALSE	gDNA	100	%	cancer	TRUE	TRUE	TRUE	upper_gi	1.237	172.8172	0.8319494
NC	TRUE	Hemoglobin	1000	mg/dL	non_cancer	FALSE	FALSE	TRUE	non_cancer	1.209	16.5008	0.01677434
C	FALSE	Bilirubin	20	mg/dL	cancer	TRUE	TRUE	TRUE	upper_gi	1.103	201.8231	0.9748071
NC	FALSE	Hemoglobin	1000	mg/dL	non_cancer	FALSE	FALSE	TRUE	non_cancer	1.213	183.1373	0.2018509
C	FALSE	Bilirubin	20	mg/dL	cancer	TRUE	TRUE	TRUE	upper_gi	1.068	157.2697	0.8696302
NC	FALSE	Bilirubin	10	mg/dL	non_cancer	FALSE	FALSE	TRUE	non_cancer	1.073	121.0345	0.1282337
NC	FALSE	gDNA	100	%	non_cancer	FALSE	FALSE	TRUE	non_cancer	1.023	227.5735	0.2318541
C	TRUE	Triglycerides	500	mg/dL	cancer	TRUE	TRUE	TRUE	indeterminate_localization	1.017	5.996	0.04178817
C	FALSE	Bilirubin	10	mg/dL	cancer	TRUE	TRUE	TRUE	upper_gi	1.173	138.6862	0.708441
C	FALSE	Hemoglobin	1000	mg/dL	cancer	TRUE	TRUE	TRUE	upper_gi	1.089	141.792	0.5649542
C	FALSE	gDNA	150	%	cancer	TRUE	TRUE	TRUE	upper_gi	1.164	190.1107	0.8484498
C	FALSE	Hemoglobin	1000	mg/dL	cancer	TRUE	TRUE	TRUE	upper_gi	1.009	215.602	0.8553442
NC	TRUE	Triglycerides	400	mg/dL	non_cancer	FALSE	FALSE	TRUE	non_cancer	1.017	18.4986	0.02325904
C	TRUE	Hemoglobin	0	mg/dL	cancer	TRUE	TRUE	TRUE	lung	1.244	19.5769	0.176338
NC	FALSE	Triglycerides	0	mg/dL	non_cancer	FALSE	FALSE	TRUE	non_cancer	0.988	159.454	0.1754994
NC	FALSE	Bilirubin	5	mg/dL	non_cancer	FALSE	FALSE	TRUE	non_cancer	1.116	115.9555	0.1223143
C	FALSE	Triglycerides	200	mg/dL	cancer	TRUE	TRUE	TRUE	upper_gi	1.109	158.671	1.117474
NC	FALSE	Triglycerides	0	mg/dL	non_cancer	FALSE	FALSE	TRUE	non_cancer	1.072	88.1675	0.08502564
C	FALSE	Bilirubin	15	mg/dL	cancer	TRUE	TRUE	TRUE	upper_gi	1.1	119.3894	0.5455723
NC	TRUE	Bilirubin	10	mg/dL	non_cancer	FALSE	FALSE	TRUE	non_cancer	1.124	20.2227	0.0252346
NC	FALSE	Triglycerides	200	mg/dL	non_cancer	FALSE	FALSE	TRUE	non_cancer	0.916	223.1384	0.2410372
NC	FALSE	Hemoglobin	100	mg/dL	non_cancer	FALSE	FALSE	TRUE	non_cancer	1.15	210.0232	0.2188398
C	FALSE	gDNA	100	%	cancer	TRUE	TRUE	TRUE	upper_gi	1.222	212.2409	1.057974
C	FALSE	Hemoglobin	2000	mg/dL	cancer	TRUE	TRUE	TRUE	upper_gi	0.909	174.3421	0.8412039
NC	FALSE	Triglycerides	100	mg/dL	non_cancer	FALSE	FALSE	TRUE	non_cancer	1.14	162.6971	0.1679662
C	FALSE	Triglycerides	400	mg/dL	cancer	TRUE	TRUE	TRUE	upper_gi	0.952	142.9002	0.9554884
C	FALSE	Hemoglobin	500	mg/dL	cancer	TRUE	TRUE	TRUE	upper_gi	0.949	207.5584	0.9322291
C	FALSE	Bilirubin	5	mg/dL	cancer	TRUE	TRUE	TRUE	upper_gi	1.18	152.8564	0.7077105
C	FALSE	Hemoglobin	500	mg/dL	cancer	TRUE	TRUE	TRUE	upper_gi	1.18	208.4739	1.03035
C	FALSE	Triglycerides	400	mg/dL	cancer	TRUE	TRUE	TRUE	upper_gi	0.989	209.2682	1.37517
NC	FALSE	gDNA	50	%	non_cancer	FALSE	FALSE	TRUE	non_cancer	1.076	240.522	0.2179367
NC	FALSE	gDNA	100	%	non_cancer	FALSE	FALSE	TRUE	non_cancer	1.329	215.4365	0.2060978
NC	FALSE	Triglycerides	0	mg/dL	non_cancer	FALSE	FALSE	TRUE	non_cancer	0.942	199.7355	0.1943572
NC	FALSE	Triglycerides	200	mg/dL	non_cancer	FALSE	FALSE	TRUE	non_cancer	1.059	142.4241	0.1692596
C	FALSE	Hemoglobin	500	mg/dL	cancer	TRUE	TRUE	TRUE	colorectal	1.155	6.8403	0.3652359
C	FALSE	Hemoglobin	100	mg/dL	cancer	TRUE	TRUE	TRUE	upper_gi	1.202	174.9877	0.827952
C	FALSE	gDNA	100	%	cancer	TRUE	TRUE	TRUE	upper_gi	1.178	220.2569	1.029497
C	TRUE	Hemoglobin	2000	mg/dL	cancer	TRUE	TRUE	TRUE	indeterminate_localization	0.925	4.0869	0.04483274
NC	FALSE	gDNA	0	%	non_cancer	FALSE	FALSE	TRUE	non_cancer	1.14	158.9072	0.1637869
C	FALSE	Triglycerides	100	mg/dL	cancer	TRUE	TRUE	TRUE	upper_gi	1.061	147.0215	1.150787
NC	FALSE	Hemoglobin	1000	mg/dL	non_cancer	FALSE	FALSE	TRUE	non_cancer	1.095	185.032	0.1904686
C	TRUE	gDNA	150	%	cancer	TRUE	TRUE	TRUE	indeterminate_localization	1.259	11.8558	0.05723979
NC	FALSE	Bilirubin	15	mg/dL	non_cancer	FALSE	FALSE	TRUE	non_cancer	1.063	182.759	0.191659
C	FALSE	Hemoglobin	100	mg/dL	cancer	TRUE	TRUE	TRUE	upper_gi	1.093	186.5419	0.8523003
C	FALSE	Hemoglobin	2000	mg/dL	cancer	TRUE	TRUE	TRUE	upper_gi	1.053	178.8752	0.8894344
NC	FALSE	gDNA	50	%	non_cancer	FALSE	FALSE	TRUE	non_cancer	1.185	189.5245	0.1941051
NC	FALSE	gDNA	100	%	non_cancer	FALSE	FALSE	TRUE	non_cancer	0.938	195.0069	0.2243448
C	FALSE	Triglycerides	200	mg/dL	cancer	TRUE	TRUE	TRUE	upper_gi	0.989	248.1713	1.668588
C	FALSE	gDNA	0	%	cancer	TRUE	TRUE	TRUE	upper_gi	0.921	180.3889	1.040606
C	FALSE	Hemoglobin	2000	mg/dL	cancer	TRUE	TRUE	TRUE	upper_gi	1.005	175.2033	0.9125215
NC	TRUE	Triglycerides	0	mg/dL	non_cancer	FALSE	FALSE	TRUE	non_cancer	1.017	7.4067	0.01441889
C	FALSE	Triglycerides	500	mg/dL	cancer	TRUE	TRUE	TRUE	upper_gi	0.93	139.7823	0.9051962
NC	FALSE	Bilirubin	5	mg/dL	non_cancer	FALSE	FALSE	TRUE	non_cancer	0.882	209.6374	0.2017293
C	FALSE	Triglycerides	500	mg/dL	cancer	TRUE	TRUE	TRUE	upper_gi	0.852	140.7055	0.9299347
C	TRUE	Triglycerides	0	mg/dL	cancer	TRUE	TRUE	TRUE	upper_gi	0.903	7.0193	0.07821893
NC	FALSE	Triglycerides	0	mg/dL	non_cancer	FALSE	FALSE	TRUE	non_cancer	1.104	159.0447	0.1635083
C	FALSE	Triglycerides	400	mg/dL	cancer	TRUE	TRUE	TRUE	upper_gi	0.998	163.6941	1.305088
C	FALSE	Bilirubin	5	mg/dL	cancer	TRUE	TRUE	TRUE	upper_gi	1.05	141.0155	0.5620553
C	FALSE	Bilirubin	5	mg/dL	cancer	TRUE	TRUE	TRUE	upper_gi	1.118	106.2206	0.4666006
NC	FALSE	Bilirubin	20	mg/dL	non_cancer	FALSE	FALSE	TRUE	non_cancer	1.015	175.0131	0.17545
NC	FALSE	Bilirubin	15	mg/dL	non_cancer	FALSE	FALSE	TRUE	non_cancer	1.123	187.6981	0.2055793
NC	TRUE	gDNA	100	%	non_cancer	FALSE	FALSE	TRUE	non_cancer	1.038	32.6496	0.03843524
C	FALSE	gDNA	200	%	cancer	TRUE	TRUE	TRUE	upper_gi	1.073	197.7022	0.9371248
NC	FALSE	Triglycerides	500	mg/dL	non_cancer	FALSE	FALSE	TRUE	non_cancer	0.97	174.0098	0.1919137
NC	FALSE	Hemoglobin	100	mg/dL	non_cancer	FALSE	FALSE	TRUE	non_cancer	1.166	194.058	0.2128816
NC	TRUE	Triglycerides	100	mg/dL	non_cancer	FALSE	FALSE	TRUE	non_cancer	1.124	8.1037	0.0156261
NC	FALSE	gDNA	200	%	non_cancer	FALSE	FALSE	TRUE	non_cancer	1.201	182.8012	0.2093182
C	FALSE	Triglycerides	400	mg/dL	cancer	TRUE	TRUE	TRUE	upper_gi	0.958	105.7909	0.6060608
C	FALSE	Bilirubin	20	mg/dL	cancer	TRUE	TRUE	TRUE	upper_gi	1.257	154.4695	0.7464566
C	FALSE	gDNA	0	%	cancer	TRUE	TRUE	TRUE	upper_gi	1.082	189.6202	0.9378328
NC	FALSE	Hemoglobin	2000	mg/dL	non_cancer	FALSE	FALSE	TRUE	non_cancer	0.909	184.0672	0.1900217
NC	TRUE	gDNA	150	%	non_cancer	FALSE	FALSE	TRUE	non_cancer	1.259	23.5186	0.02326804
C	FALSE	Triglycerides	500	mg/dL	cancer	TRUE	TRUE	TRUE	upper_gi	1.089	152.8644	1.210903
C	FALSE	Triglycerides	100	mg/dL	cancer	TRUE	TRUE	TRUE	upper_gi	0.969	218.3591	1.455581
C	FALSE	Bilirubin	0	mg/dL	cancer	TRUE	TRUE	TRUE	upper_gi	1.133	162.4773	0.7889301
NC	FALSE	Bilirubin	10	mg/dL	non_cancer	FALSE	FALSE	TRUE	non_cancer	1.152	138.6026	0.1428463
C	FALSE	Hemoglobin	2000	mg/dL	cancer	TRUE	TRUE	TRUE	upper_gi	0.902	179.967	0.8135792
NC	FALSE	Bilirubin	5	mg/dL	non_cancer	FALSE	FALSE	TRUE	non_cancer	1.089	186.2793	0.1855454
NC	FALSE	Bilirubin	10	mg/dL	non_cancer	FALSE	FALSE	TRUE	non_cancer	1.177	121.9269	0.1235527
NC	FALSE	Hemoglobin	2000	mg/dL	non_cancer	FALSE	FALSE	TRUE	non_cancer	0.88	204.1057	0.2041959
NC	FALSE	Bilirubin	20	mg/dL	non_cancer	FALSE	FALSE	TRUE	non_cancer	1.095	140.2188	0.1647159
NC	FALSE	Hemoglobin	0	mg/dL	non_cancer	FALSE	FALSE	TRUE	non_cancer	0.963	196.8346	0.2211079
C	FALSE	Triglycerides	0	mg/dL	cancer	TRUE	TRUE	TRUE	upper_gi	0.842	132.3636	0.7612805
NC	FALSE	Bilirubin	15	mg/dL	non_cancer	FALSE	FALSE	TRUE	non_cancer	1.086	99.9141	0.09540351
C	FALSE	Bilirubin	15	mg/dL	cancer	TRUE	TRUE	TRUE	upper_gi	1.082	187.381	1.002036
C	FALSE	Bilirubin	5	mg/dL	cancer	TRUE	TRUE	TRUE	upper_gi	1.249	178.4737	0.8963735
C	FALSE	Hemoglobin	1000	mg/dL	cancer	TRUE	TRUE	TRUE	upper_gi	1.047	180.4189	0.9515318
C	FALSE	Hemoglobin	0	mg/dL	cancer	TRUE	TRUE	TRUE	upper_gi	1.302	197.212	0.9370394
NC	FALSE	gDNA	200	%	non_cancer	FALSE	FALSE	TRUE	non_cancer	1.271	208.0963	0.2208664
NC	FALSE	Bilirubin	0	mg/dL	non_cancer	FALSE	FALSE	TRUE	non_cancer	0.936	208.7225	0.2256638
C	FALSE	Hemoglobin	1000	mg/dL	cancer	TRUE	TRUE	TRUE	upper_gi	1.022	152.8634	0.6987538
NC	FALSE	Triglycerides	500	mg/dL	non_cancer	FALSE	FALSE	TRUE	non_cancer	0.952	162.6603	0.179498
C	TRUE	Bilirubin	15	mg/dL	cancer	TRUE	FALSE	FALSE	non_cancer	1.18	3.2164	0.04152281
C	TRUE	gDNA	100	%	cancer	TRUE	TRUE	TRUE	indeterminate_localization	1.173	17.6059	0.1254954
C	FALSE	Bilirubin	20	mg/dL	cancer	TRUE	TRUE	TRUE	upper_gi	1.058	133.4367	0.6599731
C	TRUE	Hemoglobin	1000	mg/dL	cancer	TRUE	TRUE	TRUE	indeterminate_localization	1.131	7.2668	0.04566787
NC	FALSE	Hemoglobin	500	mg/dL	non_cancer	FALSE	FALSE	TRUE	non_cancer	1.159	178.124	0.1961704
